label,files,scenarios,run,pass,fail,timeout,skip,pass_rate,elapsed_seconds,scenario_seconds_sum,mean_seconds,median_seconds,p90_seconds,p95_seconds,p99_seconds,max_seconds,pass_median_seconds,pass_p99_seconds,pass_max_seconds
march17,51525,99020,99020,98610,410,0,0,99.5859,827.024,39109.495,0.3949656127449,0.035846,0.06402930000000003,0.07728519999999996,1.15523387,71.045968,0.035839499999999996,0.9880342300000002,71.045968
head,51525,99020,99020,99020,0,0,0,100.0,173.839,7704.522,0.0778077333568976,0.033194,0.058883400000000016,0.0699203999999999,1.1353481299999966,20.755329,0.033194,1.1353481299999966,20.755329
